host_id,n_listings,host_name,host_url
185745,1,Alessandra,https://www.airbnb.com/users/show/185745
313080,1,Pierpaolo,https://www.airbnb.com/users/show/313080
514543,1,Patrizia,https://www.airbnb.com/users/show/514543
815540,1,Luigi,https://www.airbnb.com/users/show/815540
1172384,3,Farilla,https://www.airbnb.com/users/show/1172384
1273460,2,Mauro,https://www.airbnb.com/users/show/1273460
1326669,1,Gaia,https://www.airbnb.com/users/show/1326669
1342848,1,Davide,https://www.airbnb.com/users/show/1342848
1372222,6,Cristhian,https://www.airbnb.com/users/show/1372222
1410239,1,Piergiorgio,https://www.airbnb.com/users/show/1410239
1454439,3,Simone,https://www.airbnb.com/users/show/1454439
1524700,2,Giulio,https://www.airbnb.com/users/show/1524700
1565914,4,Isabella,https://www.airbnb.com/users/show/1565914
1735661,2,Gianluca,https://www.airbnb.com/users/show/1735661
1793719,3,Marco,https://www.airbnb.com/users/show/1793719
1876033,1,Cynthia,https://www.airbnb.com/users/show/1876033
1976425,2,Michele,https://www.airbnb.com/users/show/1976425
2023558,1,Marco,https://www.airbnb.com/users/show/2023558
2053397,2,Giovanni Battista,https://www.airbnb.com/users/show/2053397
2060348,1,Maurizio,https://www.airbnb.com/users/show/2060348
2061356,2,Fernando,https://www.airbnb.com/users/show/2061356
2069776,7,Anna Maria,https://www.airbnb.com/users/show/2069776
2111095,2,Roberto,https://www.airbnb.com/users/show/2111095
2173787,1,Claudio,https://www.airbnb.com/users/show/2173787
2193254,1,Andrea,https://www.airbnb.com/users/show/2193254
2292134,3,Fausto,https://www.airbnb.com/users/show/2292134
2293571,5,Annamaria,https://www.airbnb.com/users/show/2293571
2378288,1,Stelvio,https://www.airbnb.com/users/show/2378288
2468537,1,Giusy,https://www.airbnb.com/users/show/2468537
2574542,2,Carlo,https://www.airbnb.com/users/show/2574542
2709949,3,Tullio,https://www.airbnb.com/users/show/2709949
2746541,2,Roberta,https://www.airbnb.com/users/show/2746541
2780713,1,Luca,https://www.airbnb.com/users/show/2780713
2836806,2,Davide,https://www.airbnb.com/users/show/2836806
2883688,1,Alessandra,https://www.airbnb.com/users/show/2883688
2950830,1,Claudia,https://www.airbnb.com/users/show/2950830
2986151,2,Carolina,https://www.airbnb.com/users/show/2986151
3205186,1,Mirko,https://www.airbnb.com/users/show/3205186
3236819,1,Maria Teresa,https://www.airbnb.com/users/show/3236819
3275762,1,Paola,https://www.airbnb.com/users/show/3275762
3315187,1,Roberta,https://www.airbnb.com/users/show/3315187
3341219,1,Gianni,https://www.airbnb.com/users/show/3341219
3512864,1,Antonio,https://www.airbnb.com/users/show/3512864
3545713,1,Marco,https://www.airbnb.com/users/show/3545713
3714214,2,Marco,https://www.airbnb.com/users/show/3714214
3827436,2,Chiara,https://www.airbnb.com/users/show/3827436
3893133,1,Alessia,https://www.airbnb.com/users/show/3893133
3898366,1,Già,https://www.airbnb.com/users/show/3898366
3927989,1,Roberta,https://www.airbnb.com/users/show/3927989
3976213,3,Nuvole Barocche,https://www.airbnb.com/users/show/3976213
4026411,1,Simona,https://www.airbnb.com/users/show/4026411
4110393,8,Raffaele,https://www.airbnb.com/users/show/4110393
4237377,2,Francesca,https://www.airbnb.com/users/show/4237377
4324022,1,Enrico E Mary,https://www.airbnb.com/users/show/4324022
4577066,1,Massimiliano,https://www.airbnb.com/users/show/4577066
4959722,1,Fausto,https://www.airbnb.com/users/show/4959722
5117955,4,Gianluca,https://www.airbnb.com/users/show/5117955
5160357,3,Federica,https://www.airbnb.com/users/show/5160357
5213413,4,Federico,https://www.airbnb.com/users/show/5213413
5398702,6,Pasquale & Marianne,https://www.airbnb.com/users/show/5398702
5425979,3,Giuseppe,https://www.airbnb.com/users/show/5425979
5558942,4,Danilo,https://www.airbnb.com/users/show/5558942
5620951,1,Lorenzo,https://www.airbnb.com/users/show/5620951
5623485,3,Maria  Antonietta,https://www.airbnb.com/users/show/5623485
5739728,2,Sonia,https://www.airbnb.com/users/show/5739728
5833678,1,Maurizio,https://www.airbnb.com/users/show/5833678
6098453,2,Luciana,https://www.airbnb.com/users/show/6098453
6569576,1,Monica,https://www.airbnb.com/users/show/6569576
6814470,2,Angelo,https://www.airbnb.com/users/show/6814470
6839099,2,Daniela,https://www.airbnb.com/users/show/6839099
6952078,3,Angelo,https://www.airbnb.com/users/show/6952078
7079315,1,Giovanni,https://www.airbnb.com/users/show/7079315
7087675,7,Giuseppe,https://www.airbnb.com/users/show/7087675
7107261,1,Laura,https://www.airbnb.com/users/show/7107261
7252095,1,Andrea,https://www.airbnb.com/users/show/7252095
7275627,2,Felix,https://www.airbnb.com/users/show/7275627
7281292,1,Simone,https://www.airbnb.com/users/show/7281292
7481897,1,Caterina,https://www.airbnb.com/users/show/7481897
7551784,1,Lorena,https://www.airbnb.com/users/show/7551784
7851015,1,Antonio,https://www.airbnb.com/users/show/7851015
8318908,4,Mina,https://www.airbnb.com/users/show/8318908
8327120,1,Marco,https://www.airbnb.com/users/show/8327120
8330282,2,Anna,https://www.airbnb.com/users/show/8330282
8352027,4,Nieves,https://www.airbnb.com/users/show/8352027
8495401,1,Gabriella,https://www.airbnb.com/users/show/8495401
8543839,4,Giampiero,https://www.airbnb.com/users/show/8543839
8549987,1,Anna,https://www.airbnb.com/users/show/8549987
8570444,1,Rossella,https://www.airbnb.com/users/show/8570444
8643525,1,Patrizia,https://www.airbnb.com/users/show/8643525
8928532,1,Marinella,https://www.airbnb.com/users/show/8928532
8960567,1,Gennaro,https://www.airbnb.com/users/show/8960567
9141517,1,Alessia,https://www.airbnb.com/users/show/9141517
9632167,49,Barbarhouse SRL,https://www.airbnb.com/users/show/9632167
9768731,1,Annamaria,https://www.airbnb.com/users/show/9768731
9798561,3,Laura,https://www.airbnb.com/users/show/9798561
10125184,1,Gaia,https://www.airbnb.com/users/show/10125184
11069128,1,Roberto,https://www.airbnb.com/users/show/11069128
11092164,2,Barbara,https://www.airbnb.com/users/show/11092164
11156523,1,Maria,https://www.airbnb.com/users/show/11156523
11174745,1,Gabriele,https://www.airbnb.com/users/show/11174745
11256557,1,Antonio,https://www.airbnb.com/users/show/11256557
11506092,1,Paola,https://www.airbnb.com/users/show/11506092
11683286,2,Elena,https://www.airbnb.com/users/show/11683286
12017842,1,Arrigo,https://www.airbnb.com/users/show/12017842
12139637,1,Federica,https://www.airbnb.com/users/show/12139637
12497415,1,Alberto,https://www.airbnb.com/users/show/12497415
12764160,1,Luigi Andrea,https://www.airbnb.com/users/show/12764160
12802038,1,Stefania,https://www.airbnb.com/users/show/12802038
12842177,1,Alberto,https://www.airbnb.com/users/show/12842177
12998399,1,Alessandra,https://www.airbnb.com/users/show/12998399
13342711,2,Elisa,https://www.airbnb.com/users/show/13342711
13627419,1,Cinzia,https://www.airbnb.com/users/show/13627419
13691082,4,William,https://www.airbnb.com/users/show/13691082
13742813,1,Sandra,https://www.airbnb.com/users/show/13742813
13774611,3,Antonella,https://www.airbnb.com/users/show/13774611
14076493,1,Alessandro,https://www.airbnb.com/users/show/14076493
14085736,1,Maria S.,https://www.airbnb.com/users/show/14085736
14202591,1,Anna,https://www.airbnb.com/users/show/14202591
14393714,1,Pasquale,https://www.airbnb.com/users/show/14393714
14479471,2,Maria Concetta,https://www.airbnb.com/users/show/14479471
14701534,1,Stefano,https://www.airbnb.com/users/show/14701534
14740353,1,Federica,https://www.airbnb.com/users/show/14740353
14857291,3,Antina,https://www.airbnb.com/users/show/14857291
14898048,1,Marion,https://www.airbnb.com/users/show/14898048
15009055,1,Luigia,https://www.airbnb.com/users/show/15009055
15079407,2,Alessia,https://www.airbnb.com/users/show/15079407
15188429,3,Giuliana,https://www.airbnb.com/users/show/15188429
15545661,1,Marinella,https://www.airbnb.com/users/show/15545661
15548041,2,Giancarlo,https://www.airbnb.com/users/show/15548041
15894711,1,Alessio,https://www.airbnb.com/users/show/15894711
16102735,1,Gustavo,https://www.airbnb.com/users/show/16102735
16239246,1,Claudio,https://www.airbnb.com/users/show/16239246
16486268,1,Elena,https://www.airbnb.com/users/show/16486268
16605340,1,Simona,https://www.airbnb.com/users/show/16605340
16702611,1,Michele,https://www.airbnb.com/users/show/16702611
16737653,1,Mauro,https://www.airbnb.com/users/show/16737653
16842578,1,Francesco,https://www.airbnb.com/users/show/16842578
17160982,1,Marta,https://www.airbnb.com/users/show/17160982
17197579,1,Paola,https://www.airbnb.com/users/show/17197579
17400274,2,Giovanna,https://www.airbnb.com/users/show/17400274
17542943,7,Luigi,https://www.airbnb.com/users/show/17542943
17826048,7,Beatrice,https://www.airbnb.com/users/show/17826048
17966769,4,Alberto,https://www.airbnb.com/users/show/17966769
18141002,1,Antonio,https://www.airbnb.com/users/show/18141002
18366224,2,Camilla,https://www.airbnb.com/users/show/18366224
18446854,1,Roberto,https://www.airbnb.com/users/show/18446854
18533872,1,Stefano,https://www.airbnb.com/users/show/18533872
18672968,1,Giovanni,https://www.airbnb.com/users/show/18672968
18713077,1,Rosario Antonio,https://www.airbnb.com/users/show/18713077
18783545,2,Chiara,https://www.airbnb.com/users/show/18783545
18847806,1,Fabio,https://www.airbnb.com/users/show/18847806
19158185,1,Maria Manuela,https://www.airbnb.com/users/show/19158185
19224627,1,Christian,https://www.airbnb.com/users/show/19224627
19297648,1,Andrea,https://www.airbnb.com/users/show/19297648
19536819,1,Andrea,https://www.airbnb.com/users/show/19536819
19618588,1,Alberto,https://www.airbnb.com/users/show/19618588
19668569,4,Walter,https://www.airbnb.com/users/show/19668569
19671824,3,Elena,https://www.airbnb.com/users/show/19671824
19858411,3,Mauro,https://www.airbnb.com/users/show/19858411
20103148,1,Angelo,https://www.airbnb.com/users/show/20103148
20347478,2,Matilde,https://www.airbnb.com/users/show/20347478
20845110,2,Davide,https://www.airbnb.com/users/show/20845110
20878233,2,Luca,https://www.airbnb.com/users/show/20878233
20947697,1,Ilenia Rocca,https://www.airbnb.com/users/show/20947697
21123374,1,Margherita,https://www.airbnb.com/users/show/21123374
21388467,1,Giuliana,https://www.airbnb.com/users/show/21388467
21431850,1,Lia,https://www.airbnb.com/users/show/21431850
21626617,1,Giuseppe,https://www.airbnb.com/users/show/21626617
22049067,1,Cristina,https://www.airbnb.com/users/show/22049067
22088671,2,Jacopo,https://www.airbnb.com/users/show/22088671
22224594,1,Giovanna,https://www.airbnb.com/users/show/22224594
22382151,2,Azzurra,https://www.airbnb.com/users/show/22382151
22599915,1,Romolo,https://www.airbnb.com/users/show/22599915
22655189,1,Cosimo Luigi,https://www.airbnb.com/users/show/22655189
22752121,1,Maria,https://www.airbnb.com/users/show/22752121
22855975,1,Roberta,https://www.airbnb.com/users/show/22855975
22915169,1,Ivano,https://www.airbnb.com/users/show/22915169
22929904,1,Alberto,https://www.airbnb.com/users/show/22929904
23839346,1,Simona,https://www.airbnb.com/users/show/23839346
23975968,1,Laura,https://www.airbnb.com/users/show/23975968
24125003,1,Fátima,https://www.airbnb.com/users/show/24125003
24333690,1,Thomas,https://www.airbnb.com/users/show/24333690
24521258,1,Giorgia,https://www.airbnb.com/users/show/24521258
24687374,1,Casa Dei Mercanti,https://www.airbnb.com/users/show/24687374
24736259,1,Simona,https://www.airbnb.com/users/show/24736259
24766288,5,Pasquale,https://www.airbnb.com/users/show/24766288
24861327,3,Giusy,https://www.airbnb.com/users/show/24861327
24873446,1,Verena,https://www.airbnb.com/users/show/24873446
24958915,1,Paolo,https://www.airbnb.com/users/show/24958915
25488908,1,Carla,https://www.airbnb.com/users/show/25488908
25879322,1,Giuseppe,https://www.airbnb.com/users/show/25879322
26566804,3,Caterina,https://www.airbnb.com/users/show/26566804
26573190,1,Francesca,https://www.airbnb.com/users/show/26573190
26794110,1,Buena Onda,https://www.airbnb.com/users/show/26794110
26813644,1,Maurizio,https://www.airbnb.com/users/show/26813644
26844945,3,Gabriella,https://www.airbnb.com/users/show/26844945
27037826,1,Arianna,https://www.airbnb.com/users/show/27037826
27088406,1,Valentina,https://www.airbnb.com/users/show/27088406
27268976,1,Maria Vittoria,https://www.airbnb.com/users/show/27268976
27345941,2,Paola,https://www.airbnb.com/users/show/27345941
27828587,1,Marta,https://www.airbnb.com/users/show/27828587
27900350,2,Ciro,https://www.airbnb.com/users/show/27900350
27947769,4,Roberto,https://www.airbnb.com/users/show/27947769
27955910,6,Andrea,https://www.airbnb.com/users/show/27955910
28243390,1,Giuseppina,https://www.airbnb.com/users/show/28243390
28485064,1,Marco,https://www.airbnb.com/users/show/28485064
28486291,1,Monica,https://www.airbnb.com/users/show/28486291
28671015,2,Danilo,https://www.airbnb.com/users/show/28671015
28799797,3,Valeria,https://www.airbnb.com/users/show/28799797
29108015,2,Rocco Salvatore,https://www.airbnb.com/users/show/29108015
29150820,6,Matilde,https://www.airbnb.com/users/show/29150820
29198843,1,Angela,https://www.airbnb.com/users/show/29198843
30058520,1,Roberto,https://www.airbnb.com/users/show/30058520
30258968,3,Andrea,https://www.airbnb.com/users/show/30258968
30279442,1,Giuseppe,https://www.airbnb.com/users/show/30279442
30869188,2,Gianni,https://www.airbnb.com/users/show/30869188
30892076,8,Adriana,https://www.airbnb.com/users/show/30892076
31072510,1,Rebecca,https://www.airbnb.com/users/show/31072510
31226979,1,Pietro Giovanni,https://www.airbnb.com/users/show/31226979
31294299,1,Gianluca,https://www.airbnb.com/users/show/31294299
31540320,2,Federica,https://www.airbnb.com/users/show/31540320
31847808,1,Irene,https://www.airbnb.com/users/show/31847808
32420679,1,Miriana,https://www.airbnb.com/users/show/32420679
32608399,1,Dusanka,https://www.airbnb.com/users/show/32608399
32762764,1,Sergio,https://www.airbnb.com/users/show/32762764
32920383,1,Chiara,https://www.airbnb.com/users/show/32920383
32977872,1,Mariangela,https://www.airbnb.com/users/show/32977872
33283633,1,Mario,https://www.airbnb.com/users/show/33283633
33964363,6,Alberto,https://www.airbnb.com/users/show/33964363
34167225,1,Xxxx,https://www.airbnb.com/users/show/34167225
34717270,1,Virginia,https://www.airbnb.com/users/show/34717270
35146752,1,Tommaso,https://www.airbnb.com/users/show/35146752
35331691,1,Sofia,https://www.airbnb.com/users/show/35331691
35355462,1,Claudia,https://www.airbnb.com/users/show/35355462
35416145,2,Simone,https://www.airbnb.com/users/show/35416145
35455665,1,Ilaria,https://www.airbnb.com/users/show/35455665
35488479,1,Emilia,https://www.airbnb.com/users/show/35488479
35626639,2,Marco,https://www.airbnb.com/users/show/35626639
35870597,2,Angelo,https://www.airbnb.com/users/show/35870597
36226278,1,Adriana,https://www.airbnb.com/users/show/36226278
36501275,1,Mimma,https://www.airbnb.com/users/show/36501275
36521998,5,Fernando,https://www.airbnb.com/users/show/36521998
36601332,1,Giulio,https://www.airbnb.com/users/show/36601332
36605908,1,Alessandra,https://www.airbnb.com/users/show/36605908
37139807,1,Maria Angela,https://www.airbnb.com/users/show/37139807
37315487,1,,https://www.airbnb.com/users/show/37315487
37462504,1,Francesco,https://www.airbnb.com/users/show/37462504
37782703,2,Franco,https://www.airbnb.com/users/show/37782703
37822921,1,Valentina,https://www.airbnb.com/users/show/37822921
37916323,1,Roberto,https://www.airbnb.com/users/show/37916323
38350874,10,Giovanni,https://www.airbnb.com/users/show/38350874
38439601,1,Giuseppe,https://www.airbnb.com/users/show/38439601
38594247,1,Luigi,https://www.airbnb.com/users/show/38594247
39116562,2,Luke,https://www.airbnb.com/users/show/39116562
39118160,1,Donato,https://www.airbnb.com/users/show/39118160
39304997,1,Cristina,https://www.airbnb.com/users/show/39304997
39839077,1,Maurilio,https://www.airbnb.com/users/show/39839077
39842868,1,Carlo,https://www.airbnb.com/users/show/39842868
39916134,3,Giovanni,https://www.airbnb.com/users/show/39916134
40245763,1,Giovanni,https://www.airbnb.com/users/show/40245763
40451076,2,Mario,https://www.airbnb.com/users/show/40451076
40840292,1,Danilo,https://www.airbnb.com/users/show/40840292
40918671,3,Maria,https://www.airbnb.com/users/show/40918671
41748148,2,Massimiliano,https://www.airbnb.com/users/show/41748148
41822694,1,Elena,https://www.airbnb.com/users/show/41822694
42285618,1,Elisabetta,https://www.airbnb.com/users/show/42285618
42487893,1,Angelo,https://www.airbnb.com/users/show/42487893
42493172,2,Gabriella,https://www.airbnb.com/users/show/42493172
42497774,2,Alessandra,https://www.airbnb.com/users/show/42497774
42960220,1,Francesca,https://www.airbnb.com/users/show/42960220
43507699,1,Giusi,https://www.airbnb.com/users/show/43507699
43705670,1,Daniela,https://www.airbnb.com/users/show/43705670
44262965,1,Benedetta,https://www.airbnb.com/users/show/44262965
44483193,1,Adriana,https://www.airbnb.com/users/show/44483193
44550726,1,Rosy,https://www.airbnb.com/users/show/44550726
44727422,1,Roberta,https://www.airbnb.com/users/show/44727422
44925193,1,Rita,https://www.airbnb.com/users/show/44925193
45635789,7,Desideria,https://www.airbnb.com/users/show/45635789
45659066,1,Cesare,https://www.airbnb.com/users/show/45659066
46450539,5,Rita,https://www.airbnb.com/users/show/46450539
46495434,5,Alberto,https://www.airbnb.com/users/show/46495434
47402440,1,Vittoria,https://www.airbnb.com/users/show/47402440
47864121,1,Nino,https://www.airbnb.com/users/show/47864121
47892626,1,Arianna,https://www.airbnb.com/users/show/47892626
48317381,1,Heidi,https://www.airbnb.com/users/show/48317381
48329483,3,Cosimo,https://www.airbnb.com/users/show/48329483
48764849,2,Manjit,https://www.airbnb.com/users/show/48764849
49549475,1,Oscar,https://www.airbnb.com/users/show/49549475
49871909,1,Marco,https://www.airbnb.com/users/show/49871909
50208590,1,F. Vincenzo,https://www.airbnb.com/users/show/50208590
50581948,1,Giuseppe,https://www.airbnb.com/users/show/50581948
51902449,1,Giulia,https://www.airbnb.com/users/show/51902449
51932562,1,Luisa,https://www.airbnb.com/users/show/51932562
52623412,1,Elena,https://www.airbnb.com/users/show/52623412
52949362,1,Anna,https://www.airbnb.com/users/show/52949362
52980444,6,Marco,https://www.airbnb.com/users/show/52980444
53423602,1,Maria Rosaria,https://www.airbnb.com/users/show/53423602
53830511,1,~ Buena Onda,https://www.airbnb.com/users/show/53830511
54481308,1,Antonio,https://www.airbnb.com/users/show/54481308
55668636,1,Ilaria,https://www.airbnb.com/users/show/55668636
55918840,1,Fabio,https://www.airbnb.com/users/show/55918840
56004931,1,Mario,https://www.airbnb.com/users/show/56004931
56164833,4,Manuela,https://www.airbnb.com/users/show/56164833
56192198,1,Grazia,https://www.airbnb.com/users/show/56192198
56953053,1,Anna Maria,https://www.airbnb.com/users/show/56953053
56962916,1,Luca,https://www.airbnb.com/users/show/56962916
57167046,1,Anna,https://www.airbnb.com/users/show/57167046
57551310,5,Efrem,https://www.airbnb.com/users/show/57551310
58342889,3,Mattia,https://www.airbnb.com/users/show/58342889
58588378,4,Chiara,https://www.airbnb.com/users/show/58588378
59136176,4,Agata Maria,https://www.airbnb.com/users/show/59136176
59435513,1,Cristina,https://www.airbnb.com/users/show/59435513
59467129,1,Natalia,https://www.airbnb.com/users/show/59467129
59558822,1,Annalisa&Luciano,https://www.airbnb.com/users/show/59558822
60480293,1,Antonio,https://www.airbnb.com/users/show/60480293
60752472,1,Giulio,https://www.airbnb.com/users/show/60752472
61094379,1,Pietro,https://www.airbnb.com/users/show/61094379
62275983,1,Marta,https://www.airbnb.com/users/show/62275983
62371210,1,Giovanna,https://www.airbnb.com/users/show/62371210
62373157,2,Massimo,https://www.airbnb.com/users/show/62373157
62653257,1,Antonio,https://www.airbnb.com/users/show/62653257
63501057,5,Costaionica,https://www.airbnb.com/users/show/63501057
64624664,1,Alice,https://www.airbnb.com/users/show/64624664
64962851,1,Virginie,https://www.airbnb.com/users/show/64962851
65313486,1,Chiara,https://www.airbnb.com/users/show/65313486
65894883,6,Francesco,https://www.airbnb.com/users/show/65894883
66169123,2,Benedetta,https://www.airbnb.com/users/show/66169123
66878641,1,Paolo,https://www.airbnb.com/users/show/66878641
66890432,1,Giuseppe,https://www.airbnb.com/users/show/66890432
66933481,11,Eugenio,https://www.airbnb.com/users/show/66933481
67099396,5,Angela,https://www.airbnb.com/users/show/67099396
67935896,1,Laura,https://www.airbnb.com/users/show/67935896
68353777,5,Flavio E Antonio,https://www.airbnb.com/users/show/68353777
68508721,2,Gregorio,https://www.airbnb.com/users/show/68508721
68984575,4,Federico,https://www.airbnb.com/users/show/68984575
69229013,1,Vitaliano & Sabina,https://www.airbnb.com/users/show/69229013
69953451,1,Enrico,https://www.airbnb.com/users/show/69953451
71597858,1,Lorenza,https://www.airbnb.com/users/show/71597858
71783491,1,Ale,https://www.airbnb.com/users/show/71783491
71948053,1,Valeria,https://www.airbnb.com/users/show/71948053
72647286,2,Daniel,https://www.airbnb.com/users/show/72647286
73285821,1,Valeria,https://www.airbnb.com/users/show/73285821
73408197,4,Camilla,https://www.airbnb.com/users/show/73408197
73496945,1,Matteo E Francesca,https://www.airbnb.com/users/show/73496945
73738072,1,Massimo,https://www.airbnb.com/users/show/73738072
73793118,2,Monika,https://www.airbnb.com/users/show/73793118
74274182,2,Patrizia,https://www.airbnb.com/users/show/74274182
74434672,3,Giovanna,https://www.airbnb.com/users/show/74434672
74769926,1,Fabrizia,https://www.airbnb.com/users/show/74769926
75147506,1,Annaleila,https://www.airbnb.com/users/show/75147506
75523820,1,Alessandro,https://www.airbnb.com/users/show/75523820
75529977,1,Natalina,https://www.airbnb.com/users/show/75529977
75985602,1,Annalisa,https://www.airbnb.com/users/show/75985602
76175237,1,Davide,https://www.airbnb.com/users/show/76175237
76366936,1,Serena,https://www.airbnb.com/users/show/76366936
76525860,1,Elena,https://www.airbnb.com/users/show/76525860
77238933,1,Cesare,https://www.airbnb.com/users/show/77238933
77412073,1,Maria Cristina,https://www.airbnb.com/users/show/77412073
78054308,1,Donatella,https://www.airbnb.com/users/show/78054308
78547634,3,Simone,https://www.airbnb.com/users/show/78547634
79412911,1,Manuel&Rossella,https://www.airbnb.com/users/show/79412911
80834834,1,Paola,https://www.airbnb.com/users/show/80834834
81131550,1,Amelia,https://www.airbnb.com/users/show/81131550
82596438,1,Antonio,https://www.airbnb.com/users/show/82596438
83574434,1,Mino,https://www.airbnb.com/users/show/83574434
83694126,1,Livia,https://www.airbnb.com/users/show/83694126
83704442,1,Loredana,https://www.airbnb.com/users/show/83704442
83733468,1,Stefania,https://www.airbnb.com/users/show/83733468
84017466,3,Maria,https://www.airbnb.com/users/show/84017466
84262794,1,Alessandro,https://www.airbnb.com/users/show/84262794
84615856,1,Ombretta,https://www.airbnb.com/users/show/84615856
85102747,1,Gianluca,https://www.airbnb.com/users/show/85102747
87453175,1,Francesca,https://www.airbnb.com/users/show/87453175
87512984,1,Luigia,https://www.airbnb.com/users/show/87512984
87649752,1,Riccardoerica,https://www.airbnb.com/users/show/87649752
89158366,1,Marina Ines,https://www.airbnb.com/users/show/89158366
89375671,4,Valentina,https://www.airbnb.com/users/show/89375671
89677908,1,Michele,https://www.airbnb.com/users/show/89677908
89792244,1,Daniela,https://www.airbnb.com/users/show/89792244
90002800,3,Matteo,https://www.airbnb.com/users/show/90002800
90251190,1,Massimo,https://www.airbnb.com/users/show/90251190
91300051,1,"Gérard, Roseline",https://www.airbnb.com/users/show/91300051
91428368,1,Simone,https://www.airbnb.com/users/show/91428368
92256903,1,Carlo,https://www.airbnb.com/users/show/92256903
92594605,1,Fabio,https://www.airbnb.com/users/show/92594605
93636679,1,Sergio,https://www.airbnb.com/users/show/93636679
93870505,1,Tania,https://www.airbnb.com/users/show/93870505
93984333,3,Raro,https://www.airbnb.com/users/show/93984333
95179276,5,Simona,https://www.airbnb.com/users/show/95179276
96050477,1,Angelamaria,https://www.airbnb.com/users/show/96050477
96462367,3,Salvio,https://www.airbnb.com/users/show/96462367
96947740,1,Samanta,https://www.airbnb.com/users/show/96947740
96988910,2,Alessandro,https://www.airbnb.com/users/show/96988910
97225016,1,Marta,https://www.airbnb.com/users/show/97225016
97343806,1,Cosimo,https://www.airbnb.com/users/show/97343806
97651809,1,Selene,https://www.airbnb.com/users/show/97651809
98097146,1,Rita,https://www.airbnb.com/users/show/98097146
98506764,1,Andrea Maggiulli Alfieri,https://www.airbnb.com/users/show/98506764
99062411,1,Giacomo,https://www.airbnb.com/users/show/99062411
100340667,3,Marcella,https://www.airbnb.com/users/show/100340667
100681164,1,Bruno Paolo,https://www.airbnb.com/users/show/100681164
101346231,3,Aida,https://www.airbnb.com/users/show/101346231
102199769,1,Ludovica,https://www.airbnb.com/users/show/102199769
103079629,1,Silvia,https://www.airbnb.com/users/show/103079629
103838200,1,Teresa,https://www.airbnb.com/users/show/103838200
104070606,1,Samuele,https://www.airbnb.com/users/show/104070606
104114257,1,Angela,https://www.airbnb.com/users/show/104114257
105131269,3,Fabrizio,https://www.airbnb.com/users/show/105131269
106820901,8,Daniele,https://www.airbnb.com/users/show/106820901
107112845,2,Francesca,https://www.airbnb.com/users/show/107112845
107247539,1,Homerez,https://www.airbnb.com/users/show/107247539
107269632,1,Pancrazio,https://www.airbnb.com/users/show/107269632
107358452,5,Enrico,https://www.airbnb.com/users/show/107358452
108868095,2,Andrea,https://www.airbnb.com/users/show/108868095
109140723,1,Marisa,https://www.airbnb.com/users/show/109140723
111366086,1,Antonella,https://www.airbnb.com/users/show/111366086
112120634,2,Katia,https://www.airbnb.com/users/show/112120634
113263694,1,Veronica,https://www.airbnb.com/users/show/113263694
114558423,1,Andrea,https://www.airbnb.com/users/show/114558423
115836546,4,Elisa,https://www.airbnb.com/users/show/115836546
117740999,43,Francesco,https://www.airbnb.com/users/show/117740999
118221674,1,Sara,https://www.airbnb.com/users/show/118221674
120554942,1,Michele,https://www.airbnb.com/users/show/120554942
121181071,1,Iacopo,https://www.airbnb.com/users/show/121181071
121992469,4,Maria,https://www.airbnb.com/users/show/121992469
122101712,1,Federico,https://www.airbnb.com/users/show/122101712
123822232,2,Patrizia,https://www.airbnb.com/users/show/123822232
123886524,1,Anna Simona,https://www.airbnb.com/users/show/123886524
124524580,3,Francesco,https://www.airbnb.com/users/show/124524580
124532904,1,Daniela,https://www.airbnb.com/users/show/124532904
125101940,1,Anna Luigia,https://www.airbnb.com/users/show/125101940
126111906,1,Luigi Raffaele Giuseppe,https://www.airbnb.com/users/show/126111906
126200923,1,Davide,https://www.airbnb.com/users/show/126200923
126427107,2,Monica,https://www.airbnb.com/users/show/126427107
126488312,1,Giorgia,https://www.airbnb.com/users/show/126488312
127328309,1,Emanuele,https://www.airbnb.com/users/show/127328309
127797532,2,Francesca,https://www.airbnb.com/users/show/127797532
129701016,1,Emanuela,https://www.airbnb.com/users/show/129701016
129719492,1,Marco,https://www.airbnb.com/users/show/129719492
129970579,1,Carmelo,https://www.airbnb.com/users/show/129970579
130635160,1,Georgia,https://www.airbnb.com/users/show/130635160
130723529,1,Giuseppe,https://www.airbnb.com/users/show/130723529
130909043,1,Maria Grazia,https://www.airbnb.com/users/show/130909043
131053645,1,Danilo,https://www.airbnb.com/users/show/131053645
131220722,1,Jutta - Interhome Group,https://www.airbnb.com/users/show/131220722
132357688,9,Giuseppe,https://www.airbnb.com/users/show/132357688
132492983,1,Marco,https://www.airbnb.com/users/show/132492983
133323638,2,Marco,https://www.airbnb.com/users/show/133323638
133492953,1,Paola,https://www.airbnb.com/users/show/133492953
134066769,6,Andrea,https://www.airbnb.com/users/show/134066769
134095149,1,Pasquale,https://www.airbnb.com/users/show/134095149
134660054,1,Federico,https://www.airbnb.com/users/show/134660054
134829338,1,Roberto,https://www.airbnb.com/users/show/134829338
135963259,1,Kenji,https://www.airbnb.com/users/show/135963259
136237598,5,Alessandro,https://www.airbnb.com/users/show/136237598
137230562,1,Carla,https://www.airbnb.com/users/show/137230562
138858142,3,Marcella,https://www.airbnb.com/users/show/138858142
139214113,1,Mariangela,https://www.airbnb.com/users/show/139214113
139371758,4,Fausto,https://www.airbnb.com/users/show/139371758
139589917,1,Patrizia,https://www.airbnb.com/users/show/139589917
140993723,1,Barbara,https://www.airbnb.com/users/show/140993723
141089143,1,Francy,https://www.airbnb.com/users/show/141089143
141417114,7,Dalila,https://www.airbnb.com/users/show/141417114
141535263,1,Novasol,https://www.airbnb.com/users/show/141535263
141628577,1,Mariasara,https://www.airbnb.com/users/show/141628577
141878441,1,Martina,https://www.airbnb.com/users/show/141878441
142626729,1,Daniela,https://www.airbnb.com/users/show/142626729
143110906,2,Clarissa,https://www.airbnb.com/users/show/143110906
143456567,1,Eugenio,https://www.airbnb.com/users/show/143456567
143501122,2,Maria,https://www.airbnb.com/users/show/143501122
143682524,1,Sondra,https://www.airbnb.com/users/show/143682524
144831758,3,Mirko,https://www.airbnb.com/users/show/144831758
146569309,1,Adriana,https://www.airbnb.com/users/show/146569309
147002250,1,Lucia,https://www.airbnb.com/users/show/147002250
147147327,2,Pierluigi,https://www.airbnb.com/users/show/147147327
147800234,1,Veronica,https://www.airbnb.com/users/show/147800234
147801351,1,Carla Diletta,https://www.airbnb.com/users/show/147801351
148078035,1,Andrea,https://www.airbnb.com/users/show/148078035
148078043,3,Antonio Luigi,https://www.airbnb.com/users/show/148078043
148340555,1,Matteo,https://www.airbnb.com/users/show/148340555
148653893,1,Irene,https://www.airbnb.com/users/show/148653893
149521572,5,Nicoletta,https://www.airbnb.com/users/show/149521572
149526662,12,Deborah Anna Michela,https://www.airbnb.com/users/show/149526662
150449203,2,Emra,https://www.airbnb.com/users/show/150449203
152505640,4,Stefano,https://www.airbnb.com/users/show/152505640
153522203,1,Anna Rita,https://www.airbnb.com/users/show/153522203
153920869,1,Novasol,https://www.airbnb.com/users/show/153920869
154426294,4,Reginella,https://www.airbnb.com/users/show/154426294
154572539,1,Luigi,https://www.airbnb.com/users/show/154572539
154781169,1,Vanesa,https://www.airbnb.com/users/show/154781169
155001745,10,Imma,https://www.airbnb.com/users/show/155001745
155066949,1,Antonio,https://www.airbnb.com/users/show/155066949
155928192,13,Simone,https://www.airbnb.com/users/show/155928192
156523616,1,Giovanna,https://www.airbnb.com/users/show/156523616
157031567,1,Giulia Maria,https://www.airbnb.com/users/show/157031567
157157951,1,Claudia,https://www.airbnb.com/users/show/157157951
158272055,3,Marcello,https://www.airbnb.com/users/show/158272055
158654527,1,Maria Rosa,https://www.airbnb.com/users/show/158654527
159425036,4,Raffaele,https://www.airbnb.com/users/show/159425036
159966102,3,Novasol,https://www.airbnb.com/users/show/159966102
160561221,1,Alessandra,https://www.airbnb.com/users/show/160561221
160747514,19,Andrea,https://www.airbnb.com/users/show/160747514
161326010,4,Amanda,https://www.airbnb.com/users/show/161326010
162351273,2,Monica,https://www.airbnb.com/users/show/162351273
162678444,1,Francesca,https://www.airbnb.com/users/show/162678444
163663206,12,Welcome To Italy,https://www.airbnb.com/users/show/163663206
165229140,1,Elisabetta,https://www.airbnb.com/users/show/165229140
166953598,1,Matteo,https://www.airbnb.com/users/show/166953598
167017892,1,Fabio,https://www.airbnb.com/users/show/167017892
167233307,1,Tonina,https://www.airbnb.com/users/show/167233307
167522596,3,Simona,https://www.airbnb.com/users/show/167522596
169729152,1,Maria Grazia,https://www.airbnb.com/users/show/169729152
169826770,1,Marco,https://www.airbnb.com/users/show/169826770
171075912,3,Jacopo,https://www.airbnb.com/users/show/171075912
171442771,2,Paolo,https://www.airbnb.com/users/show/171442771
172293165,20,Antonio,https://www.airbnb.com/users/show/172293165
173032088,1,Francesco,https://www.airbnb.com/users/show/173032088
173461627,1,Igino,https://www.airbnb.com/users/show/173461627
175207512,1,Vito,https://www.airbnb.com/users/show/175207512
175848710,1,Manuela,https://www.airbnb.com/users/show/175848710
175989483,2,Stefano,https://www.airbnb.com/users/show/175989483
175990449,1,Palazzo Guido,https://www.airbnb.com/users/show/175990449
176824660,1,Paolo,https://www.airbnb.com/users/show/176824660
177092593,42,Pierluigi,https://www.airbnb.com/users/show/177092593
177635675,2,Amanda,https://www.airbnb.com/users/show/177635675
178936099,1,Lucia,https://www.airbnb.com/users/show/178936099
179355247,1,Gianfranco,https://www.airbnb.com/users/show/179355247
179635329,2,Azzurra,https://www.airbnb.com/users/show/179635329
179979204,1,Lorenzo,https://www.airbnb.com/users/show/179979204
180172111,1,Nicolo’ Marco,https://www.airbnb.com/users/show/180172111
180244923,1,Serena,https://www.airbnb.com/users/show/180244923
180502282,1,Elena,https://www.airbnb.com/users/show/180502282
181489294,1,Martina,https://www.airbnb.com/users/show/181489294
181625458,1,Elisa,https://www.airbnb.com/users/show/181625458
181744616,1,Salvatore,https://www.airbnb.com/users/show/181744616
182440616,1,Andrea,https://www.airbnb.com/users/show/182440616
182765730,1,Roberto,https://www.airbnb.com/users/show/182765730
182772182,1,Maria,https://www.airbnb.com/users/show/182772182
182895523,3,Ferruccio,https://www.airbnb.com/users/show/182895523
183053983,1,Jkor,https://www.airbnb.com/users/show/183053983
185466545,1,David,https://www.airbnb.com/users/show/185466545
185734818,2,Maison,https://www.airbnb.com/users/show/185734818
186381663,1,Antonio,https://www.airbnb.com/users/show/186381663
187339064,1,Donatella,https://www.airbnb.com/users/show/187339064
187640948,1,Giuseppe,https://www.airbnb.com/users/show/187640948
188361731,1,Gabriele,https://www.airbnb.com/users/show/188361731
188921536,1,Giovanna,https://www.airbnb.com/users/show/188921536
189927589,1,Edina,https://www.airbnb.com/users/show/189927589
191186464,2,Cesare,https://www.airbnb.com/users/show/191186464
192812778,1,Chiara,https://www.airbnb.com/users/show/192812778
194863800,1,Shanti,https://www.airbnb.com/users/show/194863800
195171073,1,Vincenzo,https://www.airbnb.com/users/show/195171073
196436812,1,Paolo,https://www.airbnb.com/users/show/196436812
196853408,1,Luciana,https://www.airbnb.com/users/show/196853408
198463489,5,Daniele,https://www.airbnb.com/users/show/198463489
198591319,2,Giulia,https://www.airbnb.com/users/show/198591319
199391666,1,Alessandro,https://www.airbnb.com/users/show/199391666
199972205,1,Ocsana,https://www.airbnb.com/users/show/199972205
200561916,1,Kamila,https://www.airbnb.com/users/show/200561916
201521709,2,Daniela,https://www.airbnb.com/users/show/201521709
202106802,1,Mario,https://www.airbnb.com/users/show/202106802
202197630,1,Giampiero,https://www.airbnb.com/users/show/202197630
202255276,1,Sonia,https://www.airbnb.com/users/show/202255276
202957299,2,Annamaria,https://www.airbnb.com/users/show/202957299
203200265,1,Gabriele,https://www.airbnb.com/users/show/203200265
203909697,1,Ana Claudia,https://www.airbnb.com/users/show/203909697
205469217,1,Francesco,https://www.airbnb.com/users/show/205469217
205899321,2,Rosario,https://www.airbnb.com/users/show/205899321
206377106,1,Michele,https://www.airbnb.com/users/show/206377106
208650105,1,Maria Concetta,https://www.airbnb.com/users/show/208650105
208687867,1,Alessandro,https://www.airbnb.com/users/show/208687867
209056773,1,Giovanni,https://www.airbnb.com/users/show/209056773
210143912,1,Anna,https://www.airbnb.com/users/show/210143912
210525825,1,Joele,https://www.airbnb.com/users/show/210525825
210945131,4,Luca,https://www.airbnb.com/users/show/210945131
211511049,1,Simone,https://www.airbnb.com/users/show/211511049
211625342,2,Franchina,https://www.airbnb.com/users/show/211625342
212283947,1,Fernanda,https://www.airbnb.com/users/show/212283947
212441685,1,Immacolata,https://www.airbnb.com/users/show/212441685
213752624,1,Carmelo,https://www.airbnb.com/users/show/213752624
213857744,1,Cosimo,https://www.airbnb.com/users/show/213857744
214090978,1,Santi,https://www.airbnb.com/users/show/214090978
214843252,1,Enrico,https://www.airbnb.com/users/show/214843252
216034617,1,Chiara,https://www.airbnb.com/users/show/216034617
218203572,1,Gabriella,https://www.airbnb.com/users/show/218203572
219406352,1,Francesco,https://www.airbnb.com/users/show/219406352
220533935,1,Gianluca,https://www.airbnb.com/users/show/220533935
222216117,2,Elena,https://www.airbnb.com/users/show/222216117
222607569,1,Emidia,https://www.airbnb.com/users/show/222607569
223500227,1,Matteo,https://www.airbnb.com/users/show/223500227
226799163,2,Alessandra,https://www.airbnb.com/users/show/226799163
231063792,1,Silvia,https://www.airbnb.com/users/show/231063792
231859497,1,Maria,https://www.airbnb.com/users/show/231859497
234101799,1,Francesco Jacopo,https://www.airbnb.com/users/show/234101799
234151146,1,Sonia,https://www.airbnb.com/users/show/234151146
235233538,4,Patrizia,https://www.airbnb.com/users/show/235233538
236094174,1,Loris,https://www.airbnb.com/users/show/236094174
238769075,1,Joele,https://www.airbnb.com/users/show/238769075
241928371,1,Aida,https://www.airbnb.com/users/show/241928371
242585746,1,Elisabetta Maria,https://www.airbnb.com/users/show/242585746
244147798,1,Daniela,https://www.airbnb.com/users/show/244147798
244480529,1,Matteo,https://www.airbnb.com/users/show/244480529
249627907,1,Francesca,https://www.airbnb.com/users/show/249627907
249800729,1,Manuela,https://www.airbnb.com/users/show/249800729
250312537,1,Elisa,https://www.airbnb.com/users/show/250312537
250892159,3,Stefano,https://www.airbnb.com/users/show/250892159
251526763,1,Annunziata,https://www.airbnb.com/users/show/251526763
253164654,1,Francesca,https://www.airbnb.com/users/show/253164654
253176573,1,Veronica,https://www.airbnb.com/users/show/253176573
253263630,1,Sara,https://www.airbnb.com/users/show/253263630
253412390,1,Vittoria,https://www.airbnb.com/users/show/253412390
253627443,1,Pierluigi,https://www.airbnb.com/users/show/253627443
254103761,1,Salvatore,https://www.airbnb.com/users/show/254103761
254351227,1,Pasquale,https://www.airbnb.com/users/show/254351227
255335120,1,Simona,https://www.airbnb.com/users/show/255335120
257540053,4,Alessandra,https://www.airbnb.com/users/show/257540053
259117078,2,Giuseppa,https://www.airbnb.com/users/show/259117078
259433564,1,Emanuela,https://www.airbnb.com/users/show/259433564
259554650,2,Matteo,https://www.airbnb.com/users/show/259554650
260631382,1,Antonio,https://www.airbnb.com/users/show/260631382
260941201,2,Francesca,https://www.airbnb.com/users/show/260941201
261525464,1,Maria Cristina,https://www.airbnb.com/users/show/261525464
261773906,1,Catia,https://www.airbnb.com/users/show/261773906
263170190,9,Roberto,https://www.airbnb.com/users/show/263170190
263668670,1,Antonio Stefano,https://www.airbnb.com/users/show/263668670
264220144,1,Romolo,https://www.airbnb.com/users/show/264220144
264228719,1,Ludovica,https://www.airbnb.com/users/show/264228719
264658166,1,Enrico,https://www.airbnb.com/users/show/264658166
265143661,3,Francesco,https://www.airbnb.com/users/show/265143661
265821081,2,Andrea,https://www.airbnb.com/users/show/265821081
265994761,1,Ilaria,https://www.airbnb.com/users/show/265994761
266011833,2,Stefania,https://www.airbnb.com/users/show/266011833
266596747,2,Diletta,https://www.airbnb.com/users/show/266596747
266753830,1,Stefania,https://www.airbnb.com/users/show/266753830
267537162,1,Ivan,https://www.airbnb.com/users/show/267537162
267668811,1,Ippazio,https://www.airbnb.com/users/show/267668811
268036786,2,Alessio,https://www.airbnb.com/users/show/268036786
268318258,1,Marco,https://www.airbnb.com/users/show/268318258
269055795,1,Fernando,https://www.airbnb.com/users/show/269055795
269810394,1,Federico,https://www.airbnb.com/users/show/269810394
269945775,3,Carlotta,https://www.airbnb.com/users/show/269945775
270310651,1,Emma,https://www.airbnb.com/users/show/270310651
270456456,1,Massimiliano,https://www.airbnb.com/users/show/270456456
271584977,1,Gabriele,https://www.airbnb.com/users/show/271584977
273698303,1,Pierluigi,https://www.airbnb.com/users/show/273698303
273758618,2,Vituccia,https://www.airbnb.com/users/show/273758618
274779326,2,Lorenzo,https://www.airbnb.com/users/show/274779326
274985291,1,Giulio,https://www.airbnb.com/users/show/274985291
276073791,2,Raffaele,https://www.airbnb.com/users/show/276073791
276357244,5,Maria Lucia,https://www.airbnb.com/users/show/276357244
280926538,1,Anna Silvio,https://www.airbnb.com/users/show/280926538
280991174,1,Michele,https://www.airbnb.com/users/show/280991174
286057782,2,Luigi Carlo,https://www.airbnb.com/users/show/286057782
288586565,1,Francesco,https://www.airbnb.com/users/show/288586565
289812368,2,Rosario,https://www.airbnb.com/users/show/289812368
293594305,1,Lucia,https://www.airbnb.com/users/show/293594305
293886379,1,Francesca,https://www.airbnb.com/users/show/293886379
294298852,1,Agriturismo,https://www.airbnb.com/users/show/294298852
297911520,1,Giuseppa,https://www.airbnb.com/users/show/297911520
298266197,1,Lucy,https://www.airbnb.com/users/show/298266197
298577407,2,Chiara,https://www.airbnb.com/users/show/298577407
302504666,3,Chiara,https://www.airbnb.com/users/show/302504666
303643086,1,Lina,https://www.airbnb.com/users/show/303643086
304868021,8,Sergio,https://www.airbnb.com/users/show/304868021
306884307,1,Paolo,https://www.airbnb.com/users/show/306884307
308074022,1,Marcello,https://www.airbnb.com/users/show/308074022
310095264,1,Iris,https://www.airbnb.com/users/show/310095264
311398173,1,Giuseppe,https://www.airbnb.com/users/show/311398173
315132739,1,Francesca,https://www.airbnb.com/users/show/315132739
317138605,1,Blessing,https://www.airbnb.com/users/show/317138605
321806124,4,Maria Domenica,https://www.airbnb.com/users/show/321806124
325816514,1,Flavia,https://www.airbnb.com/users/show/325816514
326687577,1,Alessandra,https://www.airbnb.com/users/show/326687577
328738754,2,Giacomo,https://www.airbnb.com/users/show/328738754
330354702,11,Vivere Nel Salento,https://www.airbnb.com/users/show/330354702
334493984,1,Antonio,https://www.airbnb.com/users/show/334493984
334949723,1,Gianpaolo,https://www.airbnb.com/users/show/334949723
337078025,6,Alessandro,https://www.airbnb.com/users/show/337078025
337401707,2,Sabina,https://www.airbnb.com/users/show/337401707
337500506,1,Antonio,https://www.airbnb.com/users/show/337500506
346187086,1,Carmelo,https://www.airbnb.com/users/show/346187086
347264346,1,Pancrazio,https://www.airbnb.com/users/show/347264346
347683831,1,Silvia,https://www.airbnb.com/users/show/347683831
348159293,1,Gianni,https://www.airbnb.com/users/show/348159293
348275051,1,Andrea,https://www.airbnb.com/users/show/348275051
349117830,2,Harold,https://www.airbnb.com/users/show/349117830
351654306,1,Maria Celeste,https://www.airbnb.com/users/show/351654306
352253226,4,Mariacristina,https://www.airbnb.com/users/show/352253226
352453928,3,Sergio,https://www.airbnb.com/users/show/352453928
352771558,1,Rosanna,https://www.airbnb.com/users/show/352771558
352843463,3,Agnese,https://www.airbnb.com/users/show/352843463
352859979,1,Claudia,https://www.airbnb.com/users/show/352859979
354827508,1,Eugenio,https://www.airbnb.com/users/show/354827508
356575730,3,Camillo,https://www.airbnb.com/users/show/356575730
357039229,1,Silvia,https://www.airbnb.com/users/show/357039229
358133386,3,Alessandro,https://www.airbnb.com/users/show/358133386
358159073,1,Zuleika,https://www.airbnb.com/users/show/358159073
358877640,2,Giuseppe,https://www.airbnb.com/users/show/358877640
359076816,1,Stefano,https://www.airbnb.com/users/show/359076816
359308663,1,Alex Sandro,https://www.airbnb.com/users/show/359308663
360879059,1,Roberto,https://www.airbnb.com/users/show/360879059
361227843,3,Fabio,https://www.airbnb.com/users/show/361227843
362942990,1,Federica,https://www.airbnb.com/users/show/362942990
366114319,2,Salvatore,https://www.airbnb.com/users/show/366114319
367032546,1,Rosa,https://www.airbnb.com/users/show/367032546
369785421,1,Jazzbarclaudio@Gmail.Com,https://www.airbnb.com/users/show/369785421
370871033,2,Diana,https://www.airbnb.com/users/show/370871033
373104799,2,Alessandro,https://www.airbnb.com/users/show/373104799
379958382,1,Tommaso,https://www.airbnb.com/users/show/379958382
383438306,3,DR Puglia,https://www.airbnb.com/users/show/383438306
386981338,2,Cristiano,https://www.airbnb.com/users/show/386981338
387651960,25,Sottocosta,https://www.airbnb.com/users/show/387651960
387899327,1,Andrea,https://www.airbnb.com/users/show/387899327
388700999,1,Antonio,https://www.airbnb.com/users/show/388700999
390934241,1,Andrea,https://www.airbnb.com/users/show/390934241
391258243,1,Francesco,https://www.airbnb.com/users/show/391258243
392398510,2,Stefano,https://www.airbnb.com/users/show/392398510
395735779,1,Raffaella,https://www.airbnb.com/users/show/395735779
398311970,1,Lorenzo,https://www.airbnb.com/users/show/398311970
398704407,1,Emanuele,https://www.airbnb.com/users/show/398704407
399066304,2,Tabisca,https://www.airbnb.com/users/show/399066304
399156404,2,Florinda,https://www.airbnb.com/users/show/399156404
399159425,1,Sabel,https://www.airbnb.com/users/show/399159425
399319747,8,Alessandra,https://www.airbnb.com/users/show/399319747
399361682,1,Chiara,https://www.airbnb.com/users/show/399361682
399402914,3,Oliviero,https://www.airbnb.com/users/show/399402914
399482586,1,Anna,https://www.airbnb.com/users/show/399482586
400326697,1,Francesca,https://www.airbnb.com/users/show/400326697
401203339,2,Piero,https://www.airbnb.com/users/show/401203339
401517445,1,Andrea,https://www.airbnb.com/users/show/401517445
401665809,1,Palazzo,https://www.airbnb.com/users/show/401665809
401719838,1,Daniela,https://www.airbnb.com/users/show/401719838
402106381,1,Mirko,https://www.airbnb.com/users/show/402106381
402843658,1,Domus,https://www.airbnb.com/users/show/402843658
403408675,1,Valeria,https://www.airbnb.com/users/show/403408675
403492488,3,B&B I Sei Volti,https://www.airbnb.com/users/show/403492488
404329063,1,Massimo,https://www.airbnb.com/users/show/404329063
405557522,1,Paolo,https://www.airbnb.com/users/show/405557522
405928999,1,Giacomo,https://www.airbnb.com/users/show/405928999
406221651,1,Bruno,https://www.airbnb.com/users/show/406221651
406379154,4,Tommaso,https://www.airbnb.com/users/show/406379154
406446565,1,Elisa,https://www.airbnb.com/users/show/406446565
407656589,1,Patrizia,https://www.airbnb.com/users/show/407656589
407801383,1,Gilda,https://www.airbnb.com/users/show/407801383
408401183,5,Giulio,https://www.airbnb.com/users/show/408401183
409656708,1,Daniel,https://www.airbnb.com/users/show/409656708
410348568,2,Viktoria,https://www.airbnb.com/users/show/410348568
411055547,1,Alessandra,https://www.airbnb.com/users/show/411055547
412175888,1,Andrea,https://www.airbnb.com/users/show/412175888
413472458,1,Maria Lucia,https://www.airbnb.com/users/show/413472458
414743411,1,Sandro,https://www.airbnb.com/users/show/414743411
415104021,1,Ilenia,https://www.airbnb.com/users/show/415104021
417310533,1,Maria,https://www.airbnb.com/users/show/417310533
417788996,1,Claudia,https://www.airbnb.com/users/show/417788996
418248734,1,Carla,https://www.airbnb.com/users/show/418248734
418270816,10,Limehome,https://www.airbnb.com/users/show/418270816
418834779,1,Casa Giuseppina,https://www.airbnb.com/users/show/418834779
419370312,1,Constance,https://www.airbnb.com/users/show/419370312
419589223,4,Francesco,https://www.airbnb.com/users/show/419589223
420300977,1,Eugenio,https://www.airbnb.com/users/show/420300977
420962228,1,Nathalie,https://www.airbnb.com/users/show/420962228
421002480,1,Giuseppe,https://www.airbnb.com/users/show/421002480
421097323,3,Giusto,https://www.airbnb.com/users/show/421097323
421241311,1,Augusto,https://www.airbnb.com/users/show/421241311
421548152,2,Sara,https://www.airbnb.com/users/show/421548152
421998903,3,Simona,https://www.airbnb.com/users/show/421998903
422526945,1,Valeria,https://www.airbnb.com/users/show/422526945
424228063,1,Pierpaolo,https://www.airbnb.com/users/show/424228063
424522112,5,Giulio,https://www.airbnb.com/users/show/424522112
424959259,2,Roberta,https://www.airbnb.com/users/show/424959259
426373509,1,Marco,https://www.airbnb.com/users/show/426373509
426580880,1,Lucrezia,https://www.airbnb.com/users/show/426580880
428264569,2,Simone,https://www.airbnb.com/users/show/428264569
429870208,2,Jalena,https://www.airbnb.com/users/show/429870208
429885972,1,Elisabetta,https://www.airbnb.com/users/show/429885972
429916192,4,Gianluca,https://www.airbnb.com/users/show/429916192
430371357,3,Alessandro,https://www.airbnb.com/users/show/430371357
431966971,1,Michael,https://www.airbnb.com/users/show/431966971
431989288,1,Michael,https://www.airbnb.com/users/show/431989288
432593778,1,Luigi,https://www.airbnb.com/users/show/432593778
433216666,1,Mattia,https://www.airbnb.com/users/show/433216666
434109607,1,Cristian,https://www.airbnb.com/users/show/434109607
434536482,1,Raffaele,https://www.airbnb.com/users/show/434536482
435185387,1,Roberto,https://www.airbnb.com/users/show/435185387
439074505,2,Travelnest,https://www.airbnb.com/users/show/439074505
439973065,1,Giovanni,https://www.airbnb.com/users/show/439973065
440262948,5,Salento Case Vacanze,https://www.airbnb.com/users/show/440262948
440869683,2,Giuseppe,https://www.airbnb.com/users/show/440869683
440881016,1,Francesco,https://www.airbnb.com/users/show/440881016
441124901,5,Stefano,https://www.airbnb.com/users/show/441124901
442016164,1,Matteo,https://www.airbnb.com/users/show/442016164
442758950,1,Patrizia,https://www.airbnb.com/users/show/442758950
442905678,1,Oliver,https://www.airbnb.com/users/show/442905678
442995340,1,Alessio,https://www.airbnb.com/users/show/442995340
443370845,1,Maria,https://www.airbnb.com/users/show/443370845
444564133,4,Le Club,https://www.airbnb.com/users/show/444564133
444610576,1,Paola,https://www.airbnb.com/users/show/444610576
447379260,4,Hotiday,https://www.airbnb.com/users/show/447379260
448454001,2,Francesco,https://www.airbnb.com/users/show/448454001
448877963,1,Alessandra,https://www.airbnb.com/users/show/448877963
451087608,2,Romina,https://www.airbnb.com/users/show/451087608
452999370,1,Andrea,https://www.airbnb.com/users/show/452999370
454259313,1,Gediminas,https://www.airbnb.com/users/show/454259313
455283483,1,Rita,https://www.airbnb.com/users/show/455283483
455921389,3,Emanuele,https://www.airbnb.com/users/show/455921389
456883375,1,Fabri,https://www.airbnb.com/users/show/456883375
456886500,1,Nadia,https://www.airbnb.com/users/show/456886500
457878692,1,Francesca,https://www.airbnb.com/users/show/457878692
457938965,1,Andrea,https://www.airbnb.com/users/show/457938965
458731747,1,Emanuela,https://www.airbnb.com/users/show/458731747
458750964,2,Luigi,https://www.airbnb.com/users/show/458750964
459048156,1,Ilnidodelladama,https://www.airbnb.com/users/show/459048156
459708091,1,Eleonora Maria Isabella,https://www.airbnb.com/users/show/459708091
459993515,4,Alessandro,https://www.airbnb.com/users/show/459993515
460034334,1,Benedetta,https://www.airbnb.com/users/show/460034334
460878456,1,Daniela,https://www.airbnb.com/users/show/460878456
461651280,1,Massimo,https://www.airbnb.com/users/show/461651280
461691306,1,Anna Maria,https://www.airbnb.com/users/show/461691306
461795910,1,Laura,https://www.airbnb.com/users/show/461795910
461984218,2,Angela,https://www.airbnb.com/users/show/461984218
461991368,1,Alessandra,https://www.airbnb.com/users/show/461991368
462680538,1,Katia,https://www.airbnb.com/users/show/462680538
463332236,7,Anna Paola,https://www.airbnb.com/users/show/463332236
463430788,1,Giancosimo,https://www.airbnb.com/users/show/463430788
463916806,3,Monica,https://www.airbnb.com/users/show/463916806
463976533,3,Arianna,https://www.airbnb.com/users/show/463976533
464280193,2,Dorina,https://www.airbnb.com/users/show/464280193
464517864,1,Emilia,https://www.airbnb.com/users/show/464517864
464532473,1,Giovanni,https://www.airbnb.com/users/show/464532473
465489531,1,Elide,https://www.airbnb.com/users/show/465489531
465767794,1,Mattia,https://www.airbnb.com/users/show/465767794
465841567,1,Alfredo,https://www.airbnb.com/users/show/465841567
467141976,1,Simona,https://www.airbnb.com/users/show/467141976
467310069,1,Guido,https://www.airbnb.com/users/show/467310069
467358499,1,Stefano,https://www.airbnb.com/users/show/467358499
467550803,1,Elisa,https://www.airbnb.com/users/show/467550803
467627402,2,Cristian,https://www.airbnb.com/users/show/467627402
467823366,1,Antonella Rita Grazia,https://www.airbnb.com/users/show/467823366
468059043,1,Gianluca,https://www.airbnb.com/users/show/468059043
468139428,1,Ilaria,https://www.airbnb.com/users/show/468139428
468611919,1,Carla,https://www.airbnb.com/users/show/468611919
468832579,4,Stefano,https://www.airbnb.com/users/show/468832579
469063834,3,Michael,https://www.airbnb.com/users/show/469063834
469067978,2,Michael,https://www.airbnb.com/users/show/469067978
469210865,1,Michael,https://www.airbnb.com/users/show/469210865
470320803,4,Alessandro,https://www.airbnb.com/users/show/470320803
470753437,1,Carlo,https://www.airbnb.com/users/show/470753437
470781431,1,Sissi,https://www.airbnb.com/users/show/470781431
471081233,1,Andrea,https://www.airbnb.com/users/show/471081233
471218076,1,Erica,https://www.airbnb.com/users/show/471218076
471975781,1,Fausto,https://www.airbnb.com/users/show/471975781
473122963,3,Eleonora,https://www.airbnb.com/users/show/473122963
473333030,1,Ercole,https://www.airbnb.com/users/show/473333030
473739721,1,Alessandra,https://www.airbnb.com/users/show/473739721
474481685,1,Antonio,https://www.airbnb.com/users/show/474481685
474801313,1,Bryan,https://www.airbnb.com/users/show/474801313
475593897,3,Caterina,https://www.airbnb.com/users/show/475593897
476085180,1,Domenico,https://www.airbnb.com/users/show/476085180
476320961,1,Serena,https://www.airbnb.com/users/show/476320961
476540314,1,Benedetta,https://www.airbnb.com/users/show/476540314
481636167,1,Adelaide,https://www.airbnb.com/users/show/481636167
481685650,1,Maria,https://www.airbnb.com/users/show/481685650
482481445,1,Chiaramaria,https://www.airbnb.com/users/show/482481445
485141469,1,Kevin,https://www.airbnb.com/users/show/485141469
485318100,1,Simona,https://www.airbnb.com/users/show/485318100
486776971,1,Zen Real Estate,https://www.airbnb.com/users/show/486776971
487251058,1,Alessandro,https://www.airbnb.com/users/show/487251058
487825162,1,Claudia,https://www.airbnb.com/users/show/487825162
488436446,1,Mimmo,https://www.airbnb.com/users/show/488436446
489288572,1,Miriana,https://www.airbnb.com/users/show/489288572
490449995,3,Erika,https://www.airbnb.com/users/show/490449995
491043512,3,Marika,https://www.airbnb.com/users/show/491043512
492987165,4,Tommaso,https://www.airbnb.com/users/show/492987165
493127732,4,Casina Fontana,https://www.airbnb.com/users/show/493127732
493481230,1,Marco,https://www.airbnb.com/users/show/493481230
494233463,2,Lucia,https://www.airbnb.com/users/show/494233463
495725336,1,Chiara,https://www.airbnb.com/users/show/495725336
496700656,1,Amanda,https://www.airbnb.com/users/show/496700656
496922659,1,Holidu,https://www.airbnb.com/users/show/496922659
498718977,1,Mattia,https://www.airbnb.com/users/show/498718977
499611691,1,Loredana,https://www.airbnb.com/users/show/499611691
500186776,1,Tiziana,https://www.airbnb.com/users/show/500186776
500574379,1,Alessandra,https://www.airbnb.com/users/show/500574379
500968336,1,Valentina,https://www.airbnb.com/users/show/500968336
501013823,6,Massimo,https://www.airbnb.com/users/show/501013823
501025557,1,Andrea,https://www.airbnb.com/users/show/501025557
501462662,1,Salvatore,https://www.airbnb.com/users/show/501462662
502471798,3,Aldo,https://www.airbnb.com/users/show/502471798
502558516,3,Gianmaria,https://www.airbnb.com/users/show/502558516
502559125,1,Francesco,https://www.airbnb.com/users/show/502559125
502610155,1,Luciano,https://www.airbnb.com/users/show/502610155
503205441,1,Luca,https://www.airbnb.com/users/show/503205441
504587654,3,Massimiliano,https://www.airbnb.com/users/show/504587654
505037751,1,Anna Rita,https://www.airbnb.com/users/show/505037751
505049807,1,Marinella,https://www.airbnb.com/users/show/505049807
505323078,1,Andreaa,https://www.airbnb.com/users/show/505323078
505379983,10,Antoneta,https://www.airbnb.com/users/show/505379983
505836463,10,Manuel,https://www.airbnb.com/users/show/505836463
506758807,1,Messapica,https://www.airbnb.com/users/show/506758807
506888178,1,Tyche,https://www.airbnb.com/users/show/506888178
507255641,1,Adriana,https://www.airbnb.com/users/show/507255641
507887287,1,Giada,https://www.airbnb.com/users/show/507887287
508243913,1,Laura,https://www.airbnb.com/users/show/508243913
508466527,3,Sabrina,https://www.airbnb.com/users/show/508466527
508529929,1,Ornella,https://www.airbnb.com/users/show/508529929
509774520,1,Cristina,https://www.airbnb.com/users/show/509774520
510009446,1,Sergio,https://www.airbnb.com/users/show/510009446
510837286,2,Alessandro,https://www.airbnb.com/users/show/510837286
510982547,3,Maria Lucia,https://www.airbnb.com/users/show/510982547
511601427,1,Anna Maria,https://www.airbnb.com/users/show/511601427
512656791,1,Antonella,https://www.airbnb.com/users/show/512656791
512837363,3,Lucrezia,https://www.airbnb.com/users/show/512837363
512949163,1,Sara Maria,https://www.airbnb.com/users/show/512949163
513243640,1,Holidu,https://www.airbnb.com/users/show/513243640
513398344,1,Daniele,https://www.airbnb.com/users/show/513398344
513398701,1,Antonella,https://www.airbnb.com/users/show/513398701
513551196,2,Matteo,https://www.airbnb.com/users/show/513551196
513585244,1,Roberta,https://www.airbnb.com/users/show/513585244
514261456,1,Maria Domenica,https://www.airbnb.com/users/show/514261456
514585230,1,Piero,https://www.airbnb.com/users/show/514585230
515988450,1,Giorgio,https://www.airbnb.com/users/show/515988450
516987206,1,Maria Luisa,https://www.airbnb.com/users/show/516987206
518179963,1,Valentina,https://www.airbnb.com/users/show/518179963
518504601,1,Ilaria,https://www.airbnb.com/users/show/518504601
519294651,1,Francesco,https://www.airbnb.com/users/show/519294651
519465622,1,Luca Maria Rosario,https://www.airbnb.com/users/show/519465622
519917554,2,Oasi D'Oriente,https://www.airbnb.com/users/show/519917554
520149511,3,Valentina,https://www.airbnb.com/users/show/520149511
520202265,1,Anna Maria,https://www.airbnb.com/users/show/520202265
521070343,2,Holidu,https://www.airbnb.com/users/show/521070343
521363797,1,Tiziana,https://www.airbnb.com/users/show/521363797
522333264,4,Daniella,https://www.airbnb.com/users/show/522333264
522368077,1,Andrea,https://www.airbnb.com/users/show/522368077
522564501,1,Alessandro,https://www.airbnb.com/users/show/522564501
523070064,1,Marco,https://www.airbnb.com/users/show/523070064
523080931,1,Daniele,https://www.airbnb.com/users/show/523080931
523878710,1,Stefania,https://www.airbnb.com/users/show/523878710
523949757,4,Francesca,https://www.airbnb.com/users/show/523949757
524099539,1,Patrizia,https://www.airbnb.com/users/show/524099539
524218396,1,Lucia Antonietta,https://www.airbnb.com/users/show/524218396
524779290,1,Simona,https://www.airbnb.com/users/show/524779290
524849479,41,Francesco,https://www.airbnb.com/users/show/524849479
524908182,1,Giacomo,https://www.airbnb.com/users/show/524908182
526884959,2,Patrizia,https://www.airbnb.com/users/show/526884959
526914955,1,Monica,https://www.airbnb.com/users/show/526914955
527306661,1,Antonio,https://www.airbnb.com/users/show/527306661
527437189,2,Alessandro,https://www.airbnb.com/users/show/527437189
528009494,1,Fram,https://www.airbnb.com/users/show/528009494
528032824,3,Federica Maria,https://www.airbnb.com/users/show/528032824
528597100,1,Vania,https://www.airbnb.com/users/show/528597100
528931531,1,Carla,https://www.airbnb.com/users/show/528931531
529235652,1,Antonio,https://www.airbnb.com/users/show/529235652
529825847,1,Laura,https://www.airbnb.com/users/show/529825847
530031850,1,Michele,https://www.airbnb.com/users/show/530031850
531177839,2,Michel,https://www.airbnb.com/users/show/531177839
532237585,1,Giovanni,https://www.airbnb.com/users/show/532237585
532560425,5,Alberto,https://www.airbnb.com/users/show/532560425
534498738,2,Ventura,https://www.airbnb.com/users/show/534498738
534774101,1,Viviana Maria Fabrizia,https://www.airbnb.com/users/show/534774101
535351305,1,Maria Rosaria,https://www.airbnb.com/users/show/535351305
535460828,1,Caterina,https://www.airbnb.com/users/show/535460828
537069744,1,Ludovica,https://www.airbnb.com/users/show/537069744
539790933,1,Federico,https://www.airbnb.com/users/show/539790933
540286881,1,Alessandra,https://www.airbnb.com/users/show/540286881
543587533,2,Holidu,https://www.airbnb.com/users/show/543587533
543974764,1,Mario,https://www.airbnb.com/users/show/543974764
544066457,2,Holidu,https://www.airbnb.com/users/show/544066457
544224515,1,Gennaro,https://www.airbnb.com/users/show/544224515
544474557,2,Riccardo,https://www.airbnb.com/users/show/544474557
546857900,1,Davide,https://www.airbnb.com/users/show/546857900
547653328,1,Alessandro,https://www.airbnb.com/users/show/547653328
547683582,1,Giovanna,https://www.airbnb.com/users/show/547683582
547881372,1,Luca,https://www.airbnb.com/users/show/547881372
548475962,1,Chiara,https://www.airbnb.com/users/show/548475962
549019763,7,Kawtar,https://www.airbnb.com/users/show/549019763
550254742,1,Maria,https://www.airbnb.com/users/show/550254742
550809385,1,Mariarosaria,https://www.airbnb.com/users/show/550809385
551482296,7,Harold,https://www.airbnb.com/users/show/551482296
553288217,1,Pierpaolo,https://www.airbnb.com/users/show/553288217
553921719,1,Mauro,https://www.airbnb.com/users/show/553921719
554193761,4,Sara,https://www.airbnb.com/users/show/554193761
554987063,1,Giuseppe,https://www.airbnb.com/users/show/554987063
555335876,1,Melania,https://www.airbnb.com/users/show/555335876
555664095,1,Holidu,https://www.airbnb.com/users/show/555664095
558505325,4,Elena,https://www.airbnb.com/users/show/558505325
559480273,4,Florinda,https://www.airbnb.com/users/show/559480273
561201018,1,Carla,https://www.airbnb.com/users/show/561201018
561547074,1,Antonella,https://www.airbnb.com/users/show/561547074
562378871,4,Giorgio,https://www.airbnb.com/users/show/562378871
562645978,1,Elisabetta,https://www.airbnb.com/users/show/562645978
562683066,1,Eky,https://www.airbnb.com/users/show/562683066
563226720,1,Cristina,https://www.airbnb.com/users/show/563226720
565526260,1,Antonio,https://www.airbnb.com/users/show/565526260
565835174,2,Manuela,https://www.airbnb.com/users/show/565835174
565996191,1,Elisa,https://www.airbnb.com/users/show/565996191
566592968,1,Davide,https://www.airbnb.com/users/show/566592968
566596409,3,Cristiano,https://www.airbnb.com/users/show/566596409
567027235,1,Sarah,https://www.airbnb.com/users/show/567027235
567761955,1,Annelise,https://www.airbnb.com/users/show/567761955
568076300,1,Crocifissa,https://www.airbnb.com/users/show/568076300
568349005,2,Holidu,https://www.airbnb.com/users/show/568349005
568552408,3,Francesca,https://www.airbnb.com/users/show/568552408
569361891,1,Angela,https://www.airbnb.com/users/show/569361891
569835940,1,Simona,https://www.airbnb.com/users/show/569835940
570163855,1,Sabrina,https://www.airbnb.com/users/show/570163855
570738420,2,Francesca,https://www.airbnb.com/users/show/570738420
570753049,2,Dario,https://www.airbnb.com/users/show/570753049
572429527,2,Salvatore,https://www.airbnb.com/users/show/572429527
572942674,1,Silvia,https://www.airbnb.com/users/show/572942674
573004691,1,Stefano,https://www.airbnb.com/users/show/573004691
573470672,3,Davide,https://www.airbnb.com/users/show/573470672
574639430,1,Bruno,https://www.airbnb.com/users/show/574639430
575087584,5,Vittorio,https://www.airbnb.com/users/show/575087584
576606456,1,Gabriele,https://www.airbnb.com/users/show/576606456
577475654,2,Pavel,https://www.airbnb.com/users/show/577475654
577859106,1,Riccardo,https://www.airbnb.com/users/show/577859106
577878085,1,Marina,https://www.airbnb.com/users/show/577878085
578444152,1,Roberta,https://www.airbnb.com/users/show/578444152
578565520,1,Lorenzo,https://www.airbnb.com/users/show/578565520
579161253,1,Sabrina,https://www.airbnb.com/users/show/579161253
579720127,1,Stefano,https://www.airbnb.com/users/show/579720127
579957053,1,Armando Gabriel,https://www.airbnb.com/users/show/579957053
580843464,1,Bruna,https://www.airbnb.com/users/show/580843464
581331109,2,Cristian,https://www.airbnb.com/users/show/581331109
581842725,1,Carmela,https://www.airbnb.com/users/show/581842725
581843062,1,Elvira,https://www.airbnb.com/users/show/581843062
582596420,1,Welcomely,https://www.airbnb.com/users/show/582596420
582708490,1,Anna,https://www.airbnb.com/users/show/582708490
583021758,1,Cristian,https://www.airbnb.com/users/show/583021758
584800945,3,Valeria,https://www.airbnb.com/users/show/584800945
584870709,1,Catia,https://www.airbnb.com/users/show/584870709
584871399,1,Giuseppe,https://www.airbnb.com/users/show/584871399
584966773,1,Annamaria,https://www.airbnb.com/users/show/584966773
585371003,1,Giulia,https://www.airbnb.com/users/show/585371003
585389755,1,Luca,https://www.airbnb.com/users/show/585389755
585875679,1,Ruggero,https://www.airbnb.com/users/show/585875679
586062016,1,Fausto,https://www.airbnb.com/users/show/586062016
586154534,2,Andrea,https://www.airbnb.com/users/show/586154534
586405473,1,Rita,https://www.airbnb.com/users/show/586405473
586574941,1,Maria Rosaria,https://www.airbnb.com/users/show/586574941
586641835,2,Jessica,https://www.airbnb.com/users/show/586641835
587231917,1,Giorgio,https://www.airbnb.com/users/show/587231917
588099289,4,Desio,https://www.airbnb.com/users/show/588099289
588577291,1,Vincenzo,https://www.airbnb.com/users/show/588577291
588760485,4,Justin Timothy,https://www.airbnb.com/users/show/588760485
589127863,1,Sandro,https://www.airbnb.com/users/show/589127863
589360594,1,Elena,https://www.airbnb.com/users/show/589360594
589403523,4,Mattia,https://www.airbnb.com/users/show/589403523
589596463,1,Pamela,https://www.airbnb.com/users/show/589596463
589923212,1,Gianmarco,https://www.airbnb.com/users/show/589923212
590953151,1,Vanessa,https://www.airbnb.com/users/show/590953151
591455162,1,Daniela,https://www.airbnb.com/users/show/591455162
591568878,1,Massimiliano,https://www.airbnb.com/users/show/591568878
591806122,2,Tonio,https://www.airbnb.com/users/show/591806122
592714477,1,Mariarosa,https://www.airbnb.com/users/show/592714477
593206040,2,Vittoria,https://www.airbnb.com/users/show/593206040
593323227,3,Rachelle Khriseth,https://www.airbnb.com/users/show/593323227
593323434,6,Michael,https://www.airbnb.com/users/show/593323434
594281337,1,Dolores,https://www.airbnb.com/users/show/594281337
594714831,6,Home,https://www.airbnb.com/users/show/594714831
595479326,1,Serena,https://www.airbnb.com/users/show/595479326
595928800,1,Luisa,https://www.airbnb.com/users/show/595928800
597295823,1,Maicol,https://www.airbnb.com/users/show/597295823
597695746,1,Maria Cristina,https://www.airbnb.com/users/show/597695746
598582462,1,Gianni,https://www.airbnb.com/users/show/598582462
598915890,1,Matteo,https://www.airbnb.com/users/show/598915890
650735567,1,Paola,https://www.airbnb.com/users/show/650735567
650896554,4,Diego,https://www.airbnb.com/users/show/650896554
652686373,1,Simona,https://www.airbnb.com/users/show/652686373
654299327,1,Umberto,https://www.airbnb.com/users/show/654299327
658057231,1,Vito Gabriele Rocco,https://www.airbnb.com/users/show/658057231
659833553,1,Liviu Forin,https://www.airbnb.com/users/show/659833553
660681179,1,Francesca,https://www.airbnb.com/users/show/660681179
661327353,6,Jacopo,https://www.airbnb.com/users/show/661327353
661978279,1,Giuseppe,https://www.airbnb.com/users/show/661978279
664285732,4,Francesca,https://www.airbnb.com/users/show/664285732
664992128,1,,https://www.airbnb.com/users/show/664992128
665270744,1,Francesco,https://www.airbnb.com/users/show/665270744
665702196,1,Alessandra,https://www.airbnb.com/users/show/665702196
666603159,3,Alessia,https://www.airbnb.com/users/show/666603159
666836134,2,Francesco,https://www.airbnb.com/users/show/666836134
667301787,3,Eleonora,https://www.airbnb.com/users/show/667301787
671776327,1,Samuele,https://www.airbnb.com/users/show/671776327
673706515,3,Federica,https://www.airbnb.com/users/show/673706515
674314314,1,Luciana Valentina,https://www.airbnb.com/users/show/674314314
674612324,1,Filomena,https://www.airbnb.com/users/show/674612324
674702514,1,Daniele,https://www.airbnb.com/users/show/674702514
675922042,1,Marialuisa,https://www.airbnb.com/users/show/675922042
679090490,2,Emanuele,https://www.airbnb.com/users/show/679090490
679693596,1,Donatella,https://www.airbnb.com/users/show/679693596
680499402,3,Francesco,https://www.airbnb.com/users/show/680499402
680715852,3,Addolorata,https://www.airbnb.com/users/show/680715852
680874507,4,Mirko,https://www.airbnb.com/users/show/680874507
680960074,3,Alessia,https://www.airbnb.com/users/show/680960074
681004627,2,Cristiana,https://www.airbnb.com/users/show/681004627
681906355,1,Luana,https://www.airbnb.com/users/show/681906355
683065099,1,Dario,https://www.airbnb.com/users/show/683065099
683502763,1,Selena,https://www.airbnb.com/users/show/683502763
683916907,1,Giuditta,https://www.airbnb.com/users/show/683916907
685031499,1,Chiara,https://www.airbnb.com/users/show/685031499
686428746,1,Antonio,https://www.airbnb.com/users/show/686428746
686428961,6,Nicola Massimo,https://www.airbnb.com/users/show/686428961
686650720,2,Mattia,https://www.airbnb.com/users/show/686650720
686855979,1,Michela,https://www.airbnb.com/users/show/686855979
686943446,1,Danila,https://www.airbnb.com/users/show/686943446
687890156,1,Valeria Liberata,https://www.airbnb.com/users/show/687890156
689421533,1,Jutta,https://www.airbnb.com/users/show/689421533
689567204,2,Massimo,https://www.airbnb.com/users/show/689567204
690002297,1,Maura,https://www.airbnb.com/users/show/690002297
691619718,1,Giuseppe,https://www.airbnb.com/users/show/691619718
691641173,1,Alberico,https://www.airbnb.com/users/show/691641173
691901213,1,Lorenzo,https://www.airbnb.com/users/show/691901213
692532178,1,Ursula Anna,https://www.airbnb.com/users/show/692532178
692922018,1,Villas,https://www.airbnb.com/users/show/692922018
694605072,1,Luigi,https://www.airbnb.com/users/show/694605072
694755905,4,Bargnani,https://www.airbnb.com/users/show/694755905
695140529,1,Federico,https://www.airbnb.com/users/show/695140529
695146724,1,Agnese,https://www.airbnb.com/users/show/695146724
695623379,1,Giulia Josè,https://www.airbnb.com/users/show/695623379
695698224,5,Pasquale,https://www.airbnb.com/users/show/695698224
696007691,1,Chiara,https://www.airbnb.com/users/show/696007691
696576310,1,Francesco,https://www.airbnb.com/users/show/696576310
697505895,1,Sharon,https://www.airbnb.com/users/show/697505895
698058982,1,Diana Cristina,https://www.airbnb.com/users/show/698058982
698571014,1,Alessandro,https://www.airbnb.com/users/show/698571014
698683070,1,Alessandro,https://www.airbnb.com/users/show/698683070
698918331,2,Massimo,https://www.airbnb.com/users/show/698918331
699152071,1,Chiara,https://www.airbnb.com/users/show/699152071
699723620,1,Maria Rosaria,https://www.airbnb.com/users/show/699723620
700043606,1,Luisa,https://www.airbnb.com/users/show/700043606
700076637,1,Nicolò,https://www.airbnb.com/users/show/700076637
700318422,1,Stefania,https://www.airbnb.com/users/show/700318422
701073672,1,Gloria,https://www.airbnb.com/users/show/701073672
701806146,3,Annalisa,https://www.airbnb.com/users/show/701806146
701983266,4,Alice,https://www.airbnb.com/users/show/701983266
702050832,2,Patrizia,https://www.airbnb.com/users/show/702050832
703732110,1,Giulia,https://www.airbnb.com/users/show/703732110
